속담 앞부분,속담 뒷부분,의미,난이도
가랑비에,옷 젖는 줄 모른다,사소한 것이라도 거듭되면 크게 손해를 본다.,하
가재는,게 편,"모양이나 형편이 서로 비슷하고 인연이 있는 것끼리 서로 잘 어울리고, 사정을 보아주며 감싸 주기 쉬움을 비유적으로 이르는 말.",하
가지 많은 나무에,바람 잘 날 없다,자식이 많은 부모는 걱정이 끊이지 않는다.,하
감나무 밑에 누워서 홍시,떨어지기를 기다린다,아무런 노력도 아니 하면서 좋은 결과가 이루어지기만 바람을 비유적으로 이르는 말.,하
강 건너,불구경,자기와 상관없는 일이라며 무심히 바라본다.,하
개 눈에는,똥만 보인다,자기가 관심 있는 것만 눈에 들어온다.,하
개 발에,편자,옷차림이나 지닌 물건 따위가 제격에 맞지 아니하여 어울리지 않음을 비유적으로 이르는 말.,하
개구리 올챙이 적,생각 못 한다,형편이 나아지면 어려웠던 시절을 잊고 잘난 체한다.,하
개도 주인을,알아본다,"짐승인 개도 자기를 돌봐 주는 주인을 안다는 뜻으로, 배은망덕한 사람을 꾸짖어 이르는 말.",하
개밥에,도토리,"개는 도토리를 먹지 아니하기 때문에 밥 속에 있어도 먹지 아니하고 남긴다는 뜻에서, 따돌림을 받아서 여럿의 축에 끼지 못하는 사람을 비유적으로 이르는 말.",하
개천에서,용 난다,변변치 못한 환경에서 훌륭한 인물이 나온다.,하
거미도 줄을 쳐야,벌레를 잡는다,무슨 일이든 준비를 해야 성과를 얻는다.,하
고기도,저 놀던 물이 좋다,낯선 곳보다 늘 지내던 곳이 더 편하고 좋다.,하
고래 싸움에,새우 등 터진다,강한 자들끼리 싸우는 통에 아무 상관도 없는 약한 자가 중간에 끼어 피해를 입게 됨을 비유적으로 이르는 말.,하
고양이 목에,방울 달기,실행하기 어려운 것을 공연히 의논함을 이르는 말.,하
고양이,쥐 생각,속으로는 해칠 마음이면서 겉으로만 위하는 척한다.,하
고양이한테,생선을 맡기다,"고양이한테 생선을 맡기면 고양이가 생선을 먹을 것이 뻔한 일이란 뜻으로, 어떤 일이나 사물을 믿지 못할 사람에게 맡겨 놓고 마음이 놓이지 않아 걱정함을 비유적으로 이르는 말.",하
공든 탑이,무너지랴,정성을 다해 한 일은 헛되지 않는다.,하
구르는 돌은,이끼가 끼지 않는다,부지런히 애쓰는 사람은 뒤처지지 않는다.,하
구슬이 서 말이라도,꿰어야 보배,아무리 훌륭하고 좋은 것이라도 다듬고 정리하여 쓸모 있게 만들어 놓아야 값어치가 있음을 비유적으로 이르는 말.,하
굴러온 돌이,박힌 돌 뺀다,외부에서 들어온 지 얼마 안 되는 사람이 오래전부터 있던 사람을 내쫓거나 해치려 함을 비유적으로 이르는 말.,하
굼벵이도 구르는,재주가 있다,아무런 능력이 없는 사람이 남의 관심을 끌 만한 행동을 함을 놀림조로 이르는 말.,하
궁지에 몰린 쥐가,고양이를 문다,아무리 약한 사람도 막다른 곳에 이르면 대든다.,하
귀에 걸면 귀걸이,코에 걸면 코걸이,어떤 원칙이 정해져 있는 것이 아니라 둘러대기에 따라 이렇게도 되고 저렇게도 될 수 있음을 비유적으로 이르는 말.,하
그림의,떡,아무리 마음에 들어도 이용할 수 없거나 차지할 수 없는 경우를 이르는 말.,하
까마귀 날자,배 떨어진다,아무 관계 없이 한 일이 공교롭게도 때가 같아 어떤 관계가 있는 것처럼 의심을 받게 됨을 비유적으로 이르는 말.,하
꼬리가 길면,밟힌다,나쁜 일을 아무리 남모르게 한다고 해도 오래 두고 여러 번 계속하면 결국에는 들키고 만다는 것을 비유적으로 이르는 말.,하
꽃이 고와야,나비가 모인다,상품이 좋아야 손님이 많다는 말.,하
꿩 먹고,알 먹는다,한 가지 일을 하여 두 가지 이상의 이익을 보게 됨을 비유적으로 이르는 말.,하
낫 놓고,기역 자도 모른다,아주 무식하여 쉬운 글자조차 알지 못한다.,하
낮말은 새가 듣고,밤말은 쥐가 듣는다,아무도 없는 것 같아도 말은 조심해야 한다.,하
놓친 고기가,더 크다,현재 가지고 있는 것보다 먼저 것이 더 좋았다고 생각된다는 말.,하
누워서,떡 먹기,하기가 아주 쉽다.,하
누워서,침 뱉기,남을 해치려다 도리어 자기가 해를 입는다.,하
눈 가리고,아웅,실제로 보람도 없을 일을 공연히 형식적으로 하는 체하며 부질없는 짓을 함을 비유적으로 이르는 말.,하
다 된 밥에,코 빠뜨린다,거의 다 된 일을 마지막에 망쳐 버린다.,하
다람쥐,쳇바퀴 돌듯,앞으로 나아가지 못하고 같은 일만 되풀이한다.,하
달걀로,바위 치기,대항해도 도저히 이길 수 없는 경우를 비유적으로 이르는 말.,하
달도 차면,기운다,한창 좋을 때가 지나면 반드시 쇠하게 된다.,하
닭 잡아먹고,오리발 내민다,나쁜 짓을 하고도 시치미를 뗀다.,하
닭 쫓던 개,지붕 쳐다보듯,"개에게 쫓기던 닭이 지붕으로 올라가자 개가 쫓아 올라가지 못하고 지붕만 쳐다본다는 뜻으로, 애써 하던 일이 실패로 돌아가거나 남보다 뒤떨어져 어찌할 도리가 없이 됨을 비유적으로 이르는 말.",하
도토리,키 재기,비슷비슷한 사람끼리 누가 더 낫다고 다툰다.,하
독 안에,든 쥐,꼼짝없이 갇혀 빠져나갈 수 없는 처지이다.,하
돌다리도,두들겨 보고 건너라,잘 아는 일이라도 확인하며 신중히 해야 한다.,하
될성부른 나무는,떡잎부터 알아본다,크게 될 사람은 어릴 때부터 남다르다.,하
두 손뼉이 맞아야,소리가 난다,무슨 일이든지 두 편에서 서로 뜻이 맞아야 이루어질 수 있다는 말.,하
등잔 밑이,어둡다,가까이 있는 것을 오히려 잘 알지 못한다.,하
땅 짚고,헤엄치기,일이 의심할 여지가 없이 확실하다는 말.,하
떡 본 김에,제사 지낸다,"우연히 운 좋은 기회에, 하려던 일을 해치운다는 말.",하
똥 묻은 개가,겨 묻은 개 나무란다,제 허물이 더 큰 사람이 남의 작은 허물을 흉본다.,하
뚝배기보다,장맛이 좋다,겉모양은 보잘것없으나 내용은 훨씬 훌륭함을 이르는 말.,하
뛰는 놈 위에,나는 놈 있다,아무리 잘난 사람도 그보다 나은 사람이 있다.,하
마른하늘에,날벼락,뜻밖의 불행한 일을 갑자기 당한다.,하
못 먹는 감,찔러나 본다,제 것으로 만들지 못할 바에야 남도 갖지 못하게 못쓰게 만들자는 뒤틀린 마음을 이르는 말.,하
물에 빠지면,지푸라기라도 잡는다,위급한 때를 당하면 무엇이나 닥치는 대로 잡고 늘어지게 됨을 이르는 말.,하
물에 빠진,생쥐,물에 흠뻑 젖어 몰골이 초췌한 모양을 비유적으로 이르는 말.,하
미꾸라지 한 마리가,온 웅덩이를 흐린다,한 사람의 잘못이 여러 사람에게 해를 끼친다.,하
믿는 도끼에,발등 찍힌다,믿었던 사람이나 일에 오히려 해를 입는다.,하
밑 빠진 독에,물 붓기,아무리 애를 써도 보람이 없다.,하
바늘 가는 데,실 간다,서로 떨어질 수 없이 늘 붙어 다닌다.,하
바늘 도둑이,소도둑 된다,작은 잘못도 자꾸 하면 큰 죄를 짓게 된다.,하
바람 앞의,등불,"언제 꺼질지 모르는 바람 앞의 등불이란 뜻으로, 매우 위태로운 처지에 놓여 있음을 비유적으로 이르는 말.",하
발 없는 말이,천 리 간다,말은 순식간에 멀리 퍼지니 조심해야 한다.,하
방귀 뀐 놈이,성낸다,잘못한 사람이 오히려 화를 낸다.,하
배보다,배꼽이 더 크다,중심이 되는 것보다 덧붙은 것이 더 크다.,하
백지장도,맞들면 낫다,쉬운 일도 서로 힘을 합하면 훨씬 수월하다.,하
벼는 익을수록,고개를 숙인다,훌륭한 사람일수록 더욱 겸손하다.,하
병 주고,약 준다,남을 해쳐 놓고 도와주는 척한다.,하
보기 좋은 떡이,먹기도 좋다,겉모양이 좋아야 내용도 좋아 보인다.,하
불난 집에,부채질,남의 어려움을 더욱 커지게 만든다.,하
비 온 뒤에,땅이 굳어진다,어려움을 겪고 나면 오히려 더 단단해진다.,하
빈 수레가,요란하다,아는 것이 없는 사람이 오히려 더 떠들어 댄다.,하
빛 좋은,개살구,"겉보기에는 먹음직스러운 빛깔을 띠고 있지만 맛은 없는 개살구라는 뜻으로, 겉만 그럴듯하고 실속이 없는 경우를 비유적으로 이르는 말.",하
사공이 많으면,배가 산으로 간다,참견하는 사람이 많으면 일이 엉뚱하게 된다.,하
산 넘어,산이다,갈수록 더욱 어려운 지경에 처하게 되는 경우를 비유적으로 이르는 말.,하
산 입에,거미줄 치랴,"거미가 사람의 입안에 거미줄을 치자면 사람이 아무것도 먹지 않아야 한다는 뜻으로, 아무리 살림이 어려워 식량이 떨어져도 사람은 그럭저럭 죽지 않고 먹고 살아가기 마련임을 비유적으로 이르는 말.",하
새 발의,피,아주 적어서 보잘것없는 양이다.,하
새우로 잉어를,낚는다,"새우를 미끼로 하여 잉어를 낚는다는 뜻으로, 적은 밑천으로 큰 이득을 얻으려는 경우를 비유적으로 이르는 말.",하
소 가는 데,말도 간다,남이 하는 일이면 나도 할 수 있다.,하
소 닭,보듯,서로 무심하게 보는 모양을 비유적으로 이르는 말.,하
소 잃고,외양간 고친다,일을 그르친 뒤에야 뒤늦게 손을 쓴다.,하
소도 언덕이,있어야 비빈다,"언덕이 있어야 소도 가려운 곳을 비비거나 언덕을 디뎌 볼 수 있다는 뜻으로, 누구나 의지할 곳이 있어야 무슨 일이든 시작하거나 이룰 수가 있음을 비유적으로 이르는 말.",하
손 안 대고,코 풀기,"손조차 사용하지 아니하고 코를 푼다는 뜻으로, 일을 힘 안 들이고 아주 쉽게 해치움을 비유적으로 이르는 말.",하
손바닥으로,하늘 가리기,"손바닥으로 넓은 하늘을 가린다는 뜻으로, 불리한 상황에 대하여 임기응변식으로 대처함을 이르는 말.",하
송충이는 솔잎을,먹어야 한다,자기 분수에 맞게 처신하여야 함을 비유적으로 이르는 말.,하
쇠귀에,경 읽기,"소의 귀에 대고 경을 읽어 봐야 단 한 마디도 알아듣지 못한다는 뜻으로, 아무리 가르치고 일러 주어도 알아듣지 못하거나 효과가 없는 경우를 이르는 말.",하
수박,겉 핥기,속은 모르고 겉만 대충 훑어본다.,하
숭어가 뛰니까,망둥이도 뛴다,남이 한다고 하니까 분별없이 덩달아 나섬을 비유적으로 이르는 말.,하
식은 죽,먹기,아주 쉽게 할 수 있는 일이다.,하
아니 땐 굴뚝에,연기 날까,원인이 없으면 결과가 있을 수 없음을 비유적으로 이르는 말.,하
앓던 이 빠진,것 같다,걱정거리가 없어져서 후련함을 비유적으로 이르는 말.,하
얌전한 고양이 부뚜막에,먼저 올라간다,겉으로는 얌전해 보이는 사람이 딴짓을 하거나 자기 실속을 다 차리는 경우를 비유적으로 이르는 말.,하
엎지른 물은,다시 담을 수 없다,이미 저지른 일은 되돌릴 수 없다.,하
열 번 찍어,안 넘어가는 나무 없다,끈기 있게 계속 노력하면 결국 이루어진다.,하
열 손가락 깨물어 안,아픈 손가락이 없다,혈육은 다 귀하고 소중함을 비유적으로 이르는 말.,하
오르지 못할 나무는,쳐다보지도 마라,자기의 능력 밖의 불가능한 일에 대해서는 처음부터 욕심을 내지 않는 것이 좋다는 말.,하
옷이,날개다,옷을 잘 입으면 사람이 훨씬 돋보인다.,하
우는 아이,젖 준다,무슨 일에 있어서나 자기가 요구하여야 쉽게 구할 수 있음을 이르는 말.,하
우물 안,개구리,넓은 세상을 모르고 제 생각만 옳다고 여긴다.,하
우물을 파도,한 우물을 파라,한 가지 일을 꾸준히 해야 성공할 수 있다.,하
울며 겨자,먹기,"맵다고 울면서도 겨자를 먹는다는 뜻으로, 싫은 일을 억지로 마지못하여 함을 비유적으로 이르는 말.",하
원수는,외나무다리에서 만난다,피하고 싶은 사람을 꼭 마주치게 된다.,하
원숭이도 나무에서,떨어진다,아무리 익숙하고 잘하는 사람이라도 간혹 실수할 때가 있음을 비유적으로 이르는 말.,하
작은 고추가,더 맵다,몸집이 작은 사람이 오히려 더 야무지고 강하다.,하
장님 문고리,잡기,"눈먼 장님이 요행히 문고리를 잡은 것과 같다는 뜻으로, 그럴 능력이 없는 사람이 어쩌다가 요행수로 어떤 일을 이룬 경우를 비유적으로 이르는 말.",하
제 논에,물 대기,자기에게만 이롭도록 일을 하는 경우를 비유적으로 이르는 말.,하
제 눈에,안경,보잘것없는 물건이라도 제 마음에 들면 좋게 보인다는 말. ‘눈에 안경’,하
제 떡보다 남의,떡이 더 커 보인다,「북한어」 ‘남의 손의 떡이 더 커 보이고 남이 잡은 일감이 더 헐어 보인다’의 북한 속담.,하
죽 쑤어,개 준다,"애써 한 일을 남에게 빼앗기거나, 엉뚱한 사람에게 이로운 일을 한 결과가 되었음을 이르는 말.",하
중이 제 머리를,못 깎는다,자기가 자신에 관한 일을 좋게 해결하기는 어려운 일이어서 남의 손을 빌려야만 이루기 쉬움을 비유적으로 이르는 말.,하
쥐구멍에도,볕 들 날 있다,고생하던 사람에게도 좋은 날이 온다.,하
쥐구멍을,찾다,부끄럽거나 난처하여 어디에라도 숨고 싶어 하다.,하
지렁이도,밟으면 꿈틀한다,아무리 순한 사람도 업신여기면 가만있지 않는다.,하
짚신도,제짝이 있다,보잘것없는 사람도 제짝이 있다는 말.,하
칼로 물,베기,다투었다가도 시간이 조금 지나 곧 사이가 다시 좋아지는 경우를 비유적으로 이르는 말.,하
콩 심은 데 콩 나고,팥 심은 데 팥 난다,모든 일은 원인에 따라 그에 맞는 결과가 나온다.,하
하늘의,별 따기,무엇을 얻거나 성취하기가 매우 어려운 경우를 비유적으로 이르는 말.,하
하룻강아지 범,무서운 줄 모른다,철없이 함부로 덤비는 경우를 비유적으로 이르는 말.,하
한 귀로 듣고,한 귀로 흘린다,남의 말을 귀담아듣지 아니한다는 말.,하
한강에 돌,던지기,어떤 사물이 지나치게 미미하여 일을 하는 데에 효과나 영향이 전혀 없다는 말.,하
호랑이 굴에 가야,호랑이 새끼를 잡는다,뜻하는 성과를 얻으려면 그에 마땅한 일을 하여야 함을 비유적으로 이르는 말.,하
호랑이 담배,먹을 적,지금과는 형편이 다른 아주 까마득한 옛날을 이르는 말.,하
호랑이 없는 골에,토끼가 왕 노릇 한다,뛰어난 사람이 없는 곳에서 보잘것없는 사람이 득세함을 비유적으로 이르는 말.,하
호박이,넝쿨째 굴러 들어온다,뜻밖에 좋은 일이 저절로 생긴다.,하
혹 떼러 갔다,혹 붙여 온다,자기의 부담을 덜려고 하다가 다른 일까지도 맡게 된 경우를 비유적으로 이르는 말. 혹부리 영감이 도깨비를 속여 혹을 떼었다는 소문을 들은 다른 혹부리 영감이 도깨비를 만나 혹을 떼려 했지만 오히려 혹을 하나 더 붙여 왔다는 이야기에서 나온 말이다.,하
홍시 먹다가,이 빠진다,마음을 놓으면 생각지 아니하던 실수가 생길 수 있으니 항상 조심하라는 말.,하
황소 뒷걸음치다가,쥐 잡는다,어쩌다 우연히 이루거나 알아맞힘을 비유적으로 이르는 말.,하
가는 날이,장날이다,어떤 일을 하려는데 공교롭게 다른 일이 겹친다.,중
가는 말이 고와야,오는 말이 곱다,내가 남에게 말을 곱게 해야 남도 나에게 곱게 말한다.,중
가는 방망이,오는 홍두깨,"이쪽에서 방망이로 저쪽을 때리면 저쪽에서는 홍두깨로 이쪽을 때린다는 뜻으로, 자기가 한 일보다 더 가혹한 갚음을 받게 되는 경우를 비유적으로 이르는 말.",중
가는 정이 있어야,오는 정이 있다,내가 먼저 마음을 써야 남도 나를 위한다.,중
가뭄에,콩 나듯,어쩌다 하나씩 있을 만큼 매우 드물다.,중
갈수록,태산,갈수록 더 어려운 일이 닥친다.,중
같은 값이면,다홍치마,같은 값이라면 더 좋고 마음에 드는 것을 고른다.,중
개똥도,약에 쓰려면 없다,흔하던 것도 정작 필요할 때는 구하기 어렵다.,중
걱정도,팔자다,하지 않아도 될 걱정을 사서 하는 사람을 이르는 말.,중
겉 다르고,속 다르다,겉으로 하는 말과 속마음이 딴판이다.,중
고생 끝에,낙이 온다,힘든 일을 견디고 나면 좋은 날이 온다.,중
구더기 무서워,장 못 담글까,다소 방해되는 것이 있다 하더라도 마땅히 할 일은 하여야 함을 비유적으로 이르는 말.,중
굿이나 보고,떡이나 먹자,쓸데없이 나서지 말고 가만히 있다가 이익만 얻자.,중
궁하면,통한다,막다른 처지에 이르면 도리어 해결할 길이 생긴다.,중
귀신이,곡할 노릇,신기하고 기묘하여 그 속내를 알 수 없음을 비유적으로 이르는 말.,중
그 나물에,그 밥,서로 격이 어울리는 것끼리 짝이 되었을 경우를 두고 이르는 말.,중
긁어,부스럼,가만두면 될 일을 공연히 건드려 탈을 만든다.,중
금강산도,식후경,아무리 재미있는 일이라도 배가 불러야 흥이 나지 배가 고파서는 아무 일도 할 수 없음을 비유적으로 이르는 말.,중
길고 짧은 것은,대어 보아야 안다,"크고 작고, 이기고 지고, 잘하고 못하는 것은 실지로 겨루어 보거나 겪어 보아야 알 수 있다는 말.",중
까마귀 고기를,먹었나,잊어버리기를 잘하는 사람을 놀리거나 나무라는 말.,중
꿀 먹은,벙어리,속에 있는 생각을 나타내지 못하는 사람을 비유적으로 이르는 말.,중
꿈보다,해몽이 좋다,무슨 일이나 현상보다 본질을 잘 판단하는 것이 중요함을 비유적으로 이르는 말.,중
낙숫물이,댓돌을 뚫는다,작은 힘이라도 꾸준히 하면 큰일을 이룬다.,중
남의 눈에 눈물 내면 제,눈에는 피눈물이 난다,남에게 악한 짓을 하면 자기는 그보다 더한 벌을 받게 됨을 비유적으로 이르는 말.,중
남의 제사에,감 놓아라 배 놓아라 한다,남의 일에 쓸데없이 끼어들어 참견한다.,중
내 코가,석 자,내 사정이 급해서 남을 돌볼 여유가 없다.,중
냉수 먹고,속 차려라,헛된 생각을 버리고 정신을 차리라는 말.,중
누울 자리 봐,가며 발을 뻗어라,시간과 장소를 가려 행동하라는 말.,중
누이 좋고,매부 좋다,서로에게 다 이로워 손해 볼 것이 없다.,중
눈에는 눈,이에는 이,해를 입은 만큼 앙갚음하는 것을 비유적으로 이르는 말.,중
늦게 배운 도둑이,날 새는 줄 모른다,뒤늦게 재미를 붙이면 더 정신없이 빠져든다.,중
달면 삼키고,쓰면 뱉는다,자기에게 이로우면 취하고 해로우면 버린다.,중
도둑이,제 발 저리다,잘못을 저지른 사람은 스스로 불안해한다.,중
동에 번쩍,서에 번쩍,정처가 없고 종적을 걷잡을 수 없을 만큼 왔다 갔다 함을 이르는 말.,중
떡 줄 사람은 꿈도 안 꾸는데,김칫국부터 마신다,일이 될지도 모르는데 미리 다 된 것처럼 기대한다.,중
마파람에 게,눈 감추듯,음식을 매우 빨리 먹어 버리는 모습을 비유적으로 이르는 말.,중
말 한마디로,천 냥 빚을 갚는다,말을 잘하면 어려운 일도 해결할 수 있다.,중
말이 씨가,된다,늘 말하던 것이 마침내 사실대로 되었을 때를 이르는 말.,중
매도,먼저 맞는 것이 낫다,어차피 겪을 일이라면 빨리 치르는 편이 낫다.,중
먼저 먹는 놈이,임자다,먼저 차지한 사람이 주인이 된다.,중
모로 가도,서울만 가면 된다,과정이야 어떻든 목적만 이루면 된다.,중
모르는 게,약이다,아예 모르고 있는 편이 마음 편할 때가 있다.,중
무자식,상팔자,자식이 없으면 속 썩을 일도 없어 오히려 편하다.,중
미운 놈,떡 하나 더 준다,미운 사람일수록 오히려 잘 대해 주어야 뒤탈이 없다.,중
밑져야,본전,손해 볼 것이 없으니 한번 해 보아야 한다는 말.,중
발 벗고,나서다,적극적으로 나서다. ‘맨발(을) 벗고 나서다’,중
백 번 듣는 것이 한,번 보는 것만 못하다,듣기만 하는 것보다는 직접 보는 것이 확실하다는 말.,중
벙어리,냉가슴 앓듯,"벙어리가 안타까운 마음을 하소연할 길이 없어 속만 썩이듯 한다는 뜻으로, 답답한 사정이 있어도 남에게 말하지 못하고 혼자만 괴로워하며 걱정하는 경우를 비유적으로 이르는 말.",중
벼룩도,낯짝이 있다,매우 작은 벼룩조차도 낯짝이 있는데 하물며 사람이 체면이 없어서야 되겠느냐는 말.,중
병아리,눈물만큼,매우 적은 수량을 비유적으로 이르는 말.,중
부뚜막의 소금도,집어넣어야 짜다,아무리 쉬운 일도 직접 해야 결과가 나온다.,중
부자는 망해도 삼,년 먹을 것이 있다,본래 부자이던 사람은 망했다 하더라도 얼마 동안은 그럭저럭 살아 나갈 수 있음을 비유적으로 이르는 말.,중
사람 나고 돈 났지,돈 나고 사람 났나,"아무리 돈이 귀중하다 하여도 사람보다 더 귀중할 수는 없다는 뜻으로, 돈밖에 모르는 사람을 비난하여 이르는 말.",중
사람은 죽어서 이름을 남기고,호랑이는 죽어서 가죽을 남긴다,사람은 살아서 훌륭한 이름을 남겨야 한다.,중
사위는,백년손님,사위는 언제나 예의를 갖춰 대접해야 할 어려운 손님이다.,중
사촌이 땅을 사면,배가 아프다,남이 잘되는 것을 기뻐해 주지는 않고 오히려 질투하고 시기하는 경우를 비유적으로 이르는 말.,중
서당 개 삼 년이면,풍월을 읊는다,무식한 사람도 오래 보고 들으면 어느 정도 알게 된다.,중
서울 가서 김,서방 찾기,"넓은 서울 장안에 가서 주소도 모르고 덮어놓고 김 서방을 찾는다는 뜻으로, 주소도 이름도 모르고 무턱대고 막연하게 사람을 찾아가는 경우를 비유적으로 이르는 말.",중
설마가 사람,잡는다,"그럴 리야 없을 것이라 마음을 놓거나 요행을 바라는 데에서 탈이 난다는 뜻으로, 요행을 바라지 말고 있을 수 있는 모든 것을 미리 예방해 놓아야 한다는 말.",중
세 살 버릇,여든까지 간다,어릴 때 몸에 밴 습관은 늙어서도 고치기 어렵다.,중
세월이,약,아무리 가슴 아프고 속에 맺혔던 일도 시간이 흐르고 나면 자연히 잊게 된다는 말.,중
소문난 잔치에,먹을 것 없다,떠들썩하게 소문난 것일수록 실속이 없다.,중
쇠뿔도,단김에 빼랬다,마음먹은 일은 망설이지 말고 바로 해야 한다.,중
시작이,반이다,시작하기가 어렵지 일단 시작하면 절반은 한 셈이다.,중
시장이,반찬,배가 고프면 반찬이 없어도 밥이 맛있음을 비유적으로 이르는 말.,중
십 년이면,강산도 변한다,세월이 흐르면 무엇이든 변하기 마련이다.,중
싼 것이,비지떡,값이 싼 물건은 품질도 그만큼 좋지 않다.,중
아 해 다르고,어 해 다르다,같은 내용의 이야기라도 이렇게 말하여 다르고 저렇게 말하여 다르다는 말.,중
아끼다,똥 된다,물건을 너무 아끼기만 하다가는 잃어버리거나 못 쓰게 됨을 비유적으로 이르는 말.,중
아는 길도,물어 가라,잘 아는 일이라도 조심해야 실수가 없다.,중
약방에,감초,어디에나 빠짐없이 끼어드는 사람이나 물건.,중
어느 장단에,춤추랴,어떤 일을 주관하는 사람이 많아 누구의 말을 따라야 할지 알 수 없음을 비유적으로 이르는 말.,중
어물전 망신은,꼴뚜기가 시킨다,지지리 못난 사람일수록 같이 있는 동료를 망신시킨다는 말.,중
염불에는 맘이 없고,잿밥에만 맘이 있다,맡은 일에는 정성을 들이지 아니하면서 잇속에만 마음을 두는 경우를 비유적으로 이르는 말.,중
오뉴월 감기는,개도 아니 앓는다,여름에 감기 앓는 사람을 변변치 못한 사람이라고 놀림조로 이르는 말.,중
옥에도,티가 있다,아무리 훌륭한 사람 또는 좋은 물건이라 하여도 자세히 따지고 보면 사소한 흠은 있다는 말.,중
우물에 가,숭늉 찾는다,모든 일에는 질서와 차례가 있는 법인데 일의 순서도 모르고 성급하게 덤빔을 비유적으로 이르는 말.,중
웃는 낯에,침 뱉으랴,좋은 얼굴로 대하는 사람에게는 함부로 하지 못한다.,중
윗물이 맑아야,아랫물이 맑다,윗사람이 바르게 행동해야 아랫사람도 본받는다.,중
이웃이,사촌보다 낫다,가까이 사는 이웃이 멀리 있는 친척보다 더 낫다.,중
입은 비뚤어져도,말은 바로 해라,형편이 어떻든 말은 사실대로 바르게 해야 한다.,중
자다가 봉창,두드린다,"한참 단잠 자는 새벽에 남의 집 봉창을 두들겨 놀라 깨게 한다는 뜻으로, 뜻밖의 일이나 말을 갑자기 불쑥 내미는 행동을 비유적으로 이르는 말.",중
잘되면 제 탓,못되면 조상 탓,일이 안될 때 그 책임을 남에게 돌리는 태도를 비유적으로 이르는 말.,중
제 꾀에,제가 넘어간다,남을 속이려던 꾀에 도리어 자기가 걸려든다.,중
제 버릇,개 줄까,한번 젖어 버린 나쁜 버릇은 쉽게 고치기가 어렵다는 말.,중
주먹이,운다,분한 일이 있어서 치거나 때리고 싶지만 참는다는 말.,중
쥐도 새도,모르게,감쪽같이 행동하거나 처리하여 아무도 그 경위나 행방을 모르게.,중
지성이면,감천,"정성이 지극하면 하늘도 감동하게 된다는 뜻으로, 무슨 일에든 정성을 다하면 아주 어려운 일도 순조롭게 풀리어 좋은 결과를 맺는다는 말.",중
찬물도,위아래가 있다,무슨 일에나 마땅한 순서가 있다.,중
천 리 길도,한 걸음부터,큰일도 작은 일부터 차근차근 시작해야 한다.,중
첫술에,배부르랴,어떤 일이든지 단번에 만족할 수는 없다는 말.,중
초록은,동색,명칭은 다르나 따져 보면 한가지임을 비유적으로 이르는 말.,중
친구 따라,강남 간다,자기는 하고 싶지 아니하나 남에게 끌려서 덩달아 하게 됨을 이르는 말.,중
콩으로 메주를 쑨다,하여도 곧이듣지 않는다,아무리 사실대로 말하여도 믿지 아니함을 비유적으로 이르는 말.,중
티끌 모아,태산,작은 것도 모으고 모으면 큰 것이 된다.,중
피는 물보다,진하다,혈육의 정이 깊음을 이르는 말.,중
핑계 없는,무덤이 없다,아무리 큰 잘못을 저지른 사람도 그것을 변명하고 이유를 붙일 수 있다는 말.,중
하늘이 무너져도,솟아날 구멍이 있다,아무리 어려운 일이라도 벗어날 길은 있다.,중
호랑이도,제 말 하면 온다,남의 이야기를 하는데 마침 그 사람이 나타난다.,중
호랑이에게 물려 가도,정신만 차리면 산다,아무리 위급해도 침착하면 살길이 생긴다.,중
호미로 막을 것을,가래로 막는다,적은 힘으로 충분히 처리할 수 있는 일에 쓸데없이 많은 힘을 들이는 경우를 비유적으로 이르는 말.,중
흐르는 물은,썩지 않는다,"고인 물이 썩지 흐르는 물은 썩지 아니한다는 뜻으로, 사람은 언제나 일하고 공부하며 단련하여야 시대에 뒤떨어지지 아니하고 또 변질되지 아니함을 비유적으로 이르는 말.",중
흥정은 붙이고,싸움은 말리랬다,좋은 일은 도와주고 궂은일은 말리라는 말.,중
가는 토끼 잡으려다,잡은 토끼 놓친다,"다른 토끼도 잡겠다고 욕심을 부리던 나머지 잡은 토끼를 잘못 간수한 탓으로 놓친다는 뜻으로, 지나치게 욕심을 부리다가 이미 차지한 것까지 잃어버리게 됨을 비유적으로 이르는 말.",상
가랑잎으로,눈 가리기,자기의 존재나 허물을 숨기려고 미련하게 애쓰는 경우를 비유적으로 이르는 말.,상
가랑잎이,솔잎더러 바스락거린다고 한다,제 허물이 더 크면서 남의 작은 허물을 탓한다.,상
가루는 칠수록 고와지고,말은 할수록 거칠어진다,말이 많아질수록 다툼과 실수가 생긴다.,상
간에 붙었다,쓸개에 붙었다 한다,줏대 없이 이익을 따라 이편저편 옮겨 붙는다.,상
갈치가,갈치 꼬리 문다,가까운 사이끼리 서로 헐뜯고 다툰다.,상
개 꼬리 삼 년 묵어도,황모 되지 않는다,본바탕이 좋지 아니한 것은 어떻게 하여도 그 본질이 좋아지지 아니함을 비유적으로 이르는 말.,상
개구리 주저앉는 뜻은,멀리 뛰자는 뜻이다,어떤 큰일을 하기 위한 준비 태세가 언뜻 보기에는 못나고 어리석어 보일 수 있음을 비유적으로 이르는 말.,상
겉보리 서 말만 있어도,처가살이 안 한다,조금이라도 살 길이 있으면 남에게 얹혀살지 않는다.,상
게도 구럭도,다 잃었다,욕심을 부리다가 가진 것까지 모두 잃었다.,상
고기는 씹어야 맛이요,말은 해야 맛이라,"고기의 참맛을 알려면 겉만 핥을 것이 아니라 자꾸 씹어야 하듯이, 하고 싶은 말이나 해야 할 말은 시원히 다 해 버려야 좋다는 말.",상
고슴도치도,제 새끼는 함함하다고 한다,제 자식은 아무리 못나도 귀엽게 보인다.,상
공자 앞에서,문자 쓴다,잘 아는 사람 앞에서 아는 체하며 뽐낸다.,상
굳은 땅에,물이 괸다,무슨 일이든 마음을 굳게 먹고 해야 좋은 결과를 얻게 됨을 비유적으로 이르는 말.,상
기둥을 치면,대들보가 울린다,곧바로 말하지 않고 넌지시 건드려도 뜻이 전해진다.,상
꿩 구워,먹은 소식,소식이 전혀 없음을 비유적으로 이르는 말.,상
나간 사람 몫은 있어도,자는 사람 몫은 없다,게으름을 피우는 사람에게는 돌아갈 몫이 없다.,상
나중 난 뿔이,우뚝하다,뒤에 생긴 것이 먼저 것보다 나을 때가 있다.,상
남의 말 하기는,식은 죽 먹기,남의 잘못을 드러내어 말하는 것은 아주 쉬운 일임을 비유적으로 이르는 말.,상
남의 집 금송아지가 우리,집 송아지만 못하다,아무리 적고 보잘것없는 것이라도 자기가 직접 가진 것이 더 나음을 비유적으로 이르는 말.,상
냉수 먹고,이 쑤시기,"잘 먹은 체하며 이를 쑤신다는 뜻으로, 실속은 없으면서 무엇이 있는 체함을 이르는 말.",상
달걀에도,뼈가 있다,"늘 일이 잘 안되던 사람이 모처럼 좋은 기회를 만났건만, 그 일마저 역시 잘 안됨을 이르는 말.",상
도마에,오른 고기,이미 잡혀 옴짝달싹 못 하고 죽을 지경에 빠졌음을 비유적으로 이르는 말.,상
독수리는 파리를,못 잡는다,각자 능력에 맞는 일이 따로 있다는 말.,상
돈만 있으면,귀신도 부릴 수 있다,돈만 있으면 못 할 일이 없다.,상
떡도 먹어 본,사람이 먹는다,무슨 일이든지 늘 하던 사람이 더 잘한다는 말.,상
똥 싼 놈은 달아나고,방귀 뀐 놈만 잡혔다,크게 나쁜 일을 한 사람은 들키지 아니하고 그보다 덜한 죄를 지은 사람은 들키어서 애매하게 남의 허물까지 뒤집어쓰게 됨을 비유적으로 이르는 말.,상
말 많은 집은,장맛도 쓰다,입으로는 그럴듯하게 말하지만 실상은 좋지 못하다는 말.,상
말 안 하면,귀신도 모른다,마음속으로만 애태울 것이 아니라 시원스럽게 말을 하여야 한다는 말.,상
말 타면 경마,잡히고 싶다,사람의 욕심이란 한이 없다는 말.,상
말이 많으면,쓸 말이 적다,"하지 않아도 될 말을 이것저것 많이 늘어놓으면 그만큼 쓸 말은 적어진다는 뜻으로, 말을 삼가라는 말.",상
메뚜기도 유월이,한철이다,제때를 만난 듯이 한창 날뜀을 이르는 말.,상
며느리가 미우면,발뒤꿈치가 달걀 같다고 나무란다,미운 사람은 하는 일마다 트집을 잡게 된다.,상
모기 보고,칼 빼기,보잘것없는 작은 일에 어울리지 않게 엄청나게 큰 대책을 씀을 이르는 말.,상
모기도,낯짝이 있지,염치없고 뻔뻔스러움을 이르는 말.,상
모난 돌이,정 맞는다,두드러지게 튀는 사람이 남에게 미움을 받는다.,상
목구멍이,포도청이다,먹고살기 위해서는 하지 못할 일이 없다.,상
물 밖에,난 고기,운명이 이미 결정 나 벗어날 수 없음을 비유적으로 이르는 말.,상
물 위의,기름,서로 어울리지 못하여 겉도는 사이. ‘물과 기름’,상
물에 빠진 놈 건져 놓으니까,보따리 내놓으라 한다,은혜를 베풀었더니 도리어 해를 끼친다.,상
물이 깊어야,고기가 모인다,일정한 바탕이나 조건이 갖추어져야 그것에 합당한 내용이 따르게 됨을 비유적으로 이르는 말.,상
바다는 메워도 사람의,욕심은 못 채운다,"아무리 넓고 깊은 바다라도 메울 수는 있지만, 사람의 욕심은 끝이 없어 메울 수 없다는 뜻으로, 사람의 욕심이 한이 없음을 비유적으로 이르는 말.",상
밥이 끓는지,죽이 끓는지 모른다,일이 어떻게 돌아가는지 전혀 모른다.,상
배 주고,배 속 빌어먹는다,큰 것을 남에게 주고 하찮은 것을 얻어 손해를 본다.,상
배부른,흥정,되면 좋고 안 돼도 크게 아쉽다거나 안타까울 것이 없는 흥정.,상
범에게,날개 단 격,힘센 사람이 더 큰 힘을 얻어 거칠 것이 없다.,상
봄볕에는 며느리를 내보내고,가을볕에는 딸을 내보낸다,며느리보다 딸을 더 아끼는 마음을 이르는 말.,상
비 맞은 중놈,중얼거리듯,남이 알아듣지 못할 정도로 낮은 소리로 불평 섞인 말을 중얼거림을 비유적으로 이르는 말.,상
빈대 잡으려고,초가삼간 태운다,작은 것을 없애려다 더 큰 것을 잃는다.,상
사냥 가는 데,총 놓고 간다,무슨 일을 하러 가면서 거기에 가장 긴요한 물건을 빠뜨리고 감을 비유적으로 이르는 말.,상
사또 떠난 뒤에,나팔 분다,"사또 행차가 다 지나간 뒤에야 악대를 불러다 나팔을 불리고 북을 치게 한다는 뜻으로, 제때 안 하다가 뒤늦게 대책을 세우며 서두름을 핀잔하는 말.",상
사흘 굶어 도둑질,아니 할 놈 없다,아무리 착한 사람이라도 몹시 궁하게 되면 못하는 짓이 없게 됨을 비유적으로 이르는 말.,상
산돼지 잡으려다,집돼지 놓친다,큰 것을 욕심내다 가진 것마저 잃는다.,상
산이 높아야,골이 깊다,바탕이 훌륭해야 그만큼 큰 결과가 나온다.,상
새도 가지를,가려서 앉는다,"새조차도 앉을 때 가지를 고르고 가려서 앉는다는 뜻으로, 친구를 사귀거나 직업을 택하는 데에도 신중하게 잘 가려서 택해야 한다는 말.",상
선무당이,사람 잡는다,서투른 솜씨로 나서다가 큰일을 그르친다.,상
수염이 대 자라도,먹어야 양반이다,아무리 점잖아도 먹고사는 일이 먼저다.,상
숯이 검정,나무란다,"숯이 검은 것을 나무란다는 뜻으로, 제 허물은 생각하지 않고 남의 허물을 들추어냄을 비유적으로 이르는 말.",상
아내가 귀여우면 처갓집,말뚝 보고도 절한다,어떤 사람을 너무 좋아하여 사리 판단이 어두워지면 실수를 하게 됨을 비유적으로 이르는 말.,상
아닌 밤중에,홍두깨,뜻하지 않은 일이 갑자기 벌어진다.,상
어르고,뺨 친다,달래는 척하다가 곧 해를 끼친다.,상
어른 말을 들으면,자다가도 떡이 생긴다,"어른이 시키는 대로 하면 실수가 없을 뿐만 아니라, 여러 가지로 이익이 됨을 비유적으로 이르는 말.",상
언 발에,오줌 누기,잠깐 효과가 있을 뿐 결국 더 나빠지는 방법이다.,상
업은 아이,삼 년 찾는다,바로 곁에 있는 것을 모르고 엉뚱한 데서 찾는다.,상
열 길 물속은 알아도,한 길 사람 속은 모른다,사람의 속마음은 헤아리기가 매우 어렵다.,상
용의 꼬리보다,뱀의 머리가 낫다,큰 곳의 말단보다 작은 곳의 우두머리가 낫다.,상
울려는 아이,뺨 치기,"아이가 울려고 할 때 잘 달래지는 않고 뺨을 치면 울음은 크게 터진다는 뜻으로, 일이 좀 틀어져 가려고 할 때 오히려 더 충동하여 더욱 큰 분란을 일으키게 됨을 비유적으로 이르는 말.",상
원님 덕에,나팔 분다,남의 덕분에 분에 넘치는 대접을 받는다.,상
이름이 고와야,듣기도 좋다,이왕이면 사물의 이름도 고와야 좋다는 말.,상
익은 밥 먹고,선소리한다,사리에 맞지 않는 엉뚱한 소리를 한다.,상
자라 보고 놀란 가슴,솥뚜껑 보고 놀란다,한 번 놀라면 비슷한 것만 봐도 겁을 낸다.,상
재수 없는 포수는,곰을 잡아도 웅담이 없다,운이 나쁜 사람은 좋은 기회가 와도 소용이 없다.,상
재주는 곰이 부리고,돈은 되놈이 번다,애쓴 사람 따로 있고 이익을 챙기는 사람이 따로 있다.,상
제 얼굴 더러운 줄,모르고 거울만 나무란다,자기 잘못은 모르고 남만 탓함을 비유적으로 이르는 말.,상
종로에서 뺨 맞고,한강에서 눈 흘긴다,화난 곳에서는 말 못 하고 엉뚱한 데서 분풀이한다.,상
칼 물고,뜀뛰기,몹시 위태로운 일을 모험적으로 행하는 경우를 비유적으로 이르는 말.,상
콩 볶아 먹다가,가마솥 깨뜨린다,작은 재미를 보려고 어떤 일을 하다가 큰일을 저지름을 비유적으로 이르는 말.,상
털도 안 난 것이,날기부터 하려 한다,아직 실력도 없으면서 어려운 일부터 하려 든다.,상
토끼 둘을 잡으려다가,하나도 못 잡는다,욕심을 부려 한꺼번에 여러 가지 일을 하려 하면 그 가운데 하나도 이루지 못한다는 말.,상
